	Gene_symbol	Entrez_ID	Value_count	ensembl_gene_id	chromosome_name
2	STAG3L4	64940	1805	ENSG00000106610	7.0
3	ZNF117	51351	1668	ENSG00000152926	7.0
6	BTN3A2	11118	1377	ENSG00000186470	6.0
9	TYW1	55253	1273	ENSG00000198874	7.0
10	LOC84856	84856	1224	ENSG00000185904	10.0
11	C2orf74	339804	1219	ENSG00000237651	2.0
12	ZNF781	163115	1160	ENSG00000196381	19.0
13	ZSCAN23	222696	1073	ENSG00000187987	6.0
14	NUDT2	318	1056	ENSG00000164978	9.0
15	GYPE	2996	1031	ENSG00000197465	4.0
16	WFDC3	140686	1006	ENSG00000124116	20.0
17	MANBA	4126	964	ENSG00000109323	4.0
18	C10orf32	119032	963	ENSG00000166275	10.0
19	CCDC163P	126661	962	ENSG00000280670	1.0
21	TSGA10	80705	937	ENSG00000135951	2.0
22	INTS4L1	285905	919	ENSG00000164669	7.0
23	MASTL	84930	852	ENSG00000120539	10.0
24	AHSA2	130872	850	ENSG00000173209	2.0
25	LIPT1	51601	844	ENSG00000144182	2.0
26	COL21A1	81578	844	ENSG00000124749	6.0
27	C2orf86	51057	805	ENSG00000143951	2.0
28	CRCP	27297	797	ENSG00000241258	7.0
29	SYT10	341359	788	ENSG00000110975	12.0
30	C21orf57	54059	775	ENSG00000182362	21.0
31	ERAP2	64167	775	ENSG00000164308	5.0
32	TEX264	51368	770	ENSG00000164081	3.0
33	LOC441666	441666	770	ENSG00000215146	10.0
35	COX7A2L	9167	763	ENSG00000115944	2.0
36	CENPQ	55166	751	ENSG00000031691	6.0
37	N6AMT1	29104	749	ENSG00000156239	21.0
38	NCRNA00189	193629	742	ENSG00000215533	21.0
39	C6orf164	63914	740	ENSG00000111850	6.0
40	OXCT1	5019	723	ENSG00000083720	5.0
41	PSG4	5672	721	ENSG00000243137	19.0
42	C1orf190	541468	720	ENSG00000171357	1.0
43	CPNE1	8904	709	ENSG00000214078	20.0
44	FAM182A	284800	707	ENSG00000125804	20.0
46	C10orf68	79741	672	ENSG00000216937	10.0
48	OR7D2	162998	665	ENSG00000188000	19.0
49	DHFR	1719	661	ENSG00000228716	5.0
50	ZNF492	57615	655	ENSG00000229676	19.0
51	SLC2A9	56606	648	ENSG00000109667	4.0
52	MUT	4594	646	ENSG00000146085	6.0
53	POLI	11201	646	ENSG00000101751	18.0
54	CLECL1	160365	644	ENSG00000184293	12.0
55	ZNF266	10781	630	ENSG00000174652	19.0
56	ERAP1	51752	629	ENSG00000164307	5.0
57	LY75	4065	622	ENSG00000054219	2.0
58	GLIPR1L2	144321	617	ENSG00000180481	12.0
59	ZNF323	64288	616	ENSG00000235109	6.0
60	MUTYH	4595	607	ENSG00000132781	1.0
61	CST7	8530	599	ENSG00000077984	20.0
62	ZNF846	162993	596	ENSG00000196605	19.0
63	C21orf56	84221	595	ENSG00000160284	21.0
64	GTF2A1L	11036	593	ENSG00000242441	2.0
65	LOC375190	375190	584	ENSG00000219626	2.0
66	NLRC4	58484	578	ENSG00000091106	2.0
67	ZNF793	390927	578	ENSG00000188227	19.0
69	XKR9	389668	567	ENSG00000221947	8.0
70	RGPD4	285190	565	ENSG00000196862	2.0
71	FAHD1	81889	565	ENSG00000180185	16.0
73	MSH3	4437	559	ENSG00000113318	5.0
74	OR2A7	401427	559	ENSG00000243896	7.0
75	CYP4F11	57834	556	ENSG00000171903	19.0
76	EVI5	7813	556	ENSG00000067208	1.0
77	EFHB	151651	548	ENSG00000163576	3.0
78	ST3GAL5	8869	548	ENSG00000115525	2.0
79	LGSN	51557	540	ENSG00000146166	6.0
80	DYM	54808	534	ENSG00000141627	18.0
81	TBCK	93627	533	ENSG00000145348	4.0
82	GMPPB	29925	533	ENSG00000173540	3.0
83	SERPINC1	462	532	ENSG00000117601	1.0
84	CTSS	1520	529	ENSG00000163131	1.0
85	CST1	1469	527	ENSG00000170373	20.0
86	ARHGEF35	445328	527	ENSG00000213214	7.0
87	SENP7	57337	524	ENSG00000138468	3.0
88	HIBCH	26275	523	ENSG00000198130	2.0
89	STON1-GTF2A1L	286749	523	ENSG00000068781	2.0
90	PPIL3	53938	521	ENSG00000240344	2.0
91	AMTN	401138	520	ENSG00000187689	4.0
92	PIGN	23556	519	ENSG00000197563	18.0
93	C9orf130	100128782	507	ENSG00000175611	9.0
94	EME2	197342	503	ENSG00000197774	16.0
95	LOC253039	253039	500	ENSG00000226752	9.0
97	IQCB1	9657	498	ENSG00000173226	3.0
98	CCDC30	728621	494	ENSG00000186409	1.0
99	PPIP5K2	23262	492	ENSG00000145725	5.0
100	UGT2B4	7363	486	ENSG00000156096	4.0
101	ACSM1	116285	486	ENSG00000166743	16.0
102	GBP3	2635	485	ENSG00000117226	1.0
103	PFN4	375189	485	ENSG00000176732	2.0
104	PPAP2A	8611	484	ENSG00000067113	5.0
105	WARS2	10352	484	ENSG00000116874	1.0
106	ZNF391	346157	480	ENSG00000124613	6.0
107	LIN52	91750	478	ENSG00000205659	14.0
108	MUC7	4589	476	ENSG00000171195	4.0
109	METTL2B	55798	474	ENSG00000165055	7.0
110	BTN2A3	54718	473	ENSG00000124549	6.0
111	CCBL2	56267	472	ENSG00000137944	1.0
112	LOC441294	441294	470	ENSG00000271079	7.0
114	CNGA1	1259	465	ENSG00000198515	4.0
115	DDX11	1663	464	ENSG00000013573	12.0
116	PTGR2	145482	464	ENSG00000140043	14.0
117	FAM55C	91775	463	ENSG00000144815	3.0
118	MYLK2	85366	459	ENSG00000101306	20.0
119	FGD4	121512	457	ENSG00000139132	12.0
120	MSH6	2956	456	ENSG00000116062	2.0
121	FCHO2	115548	455	ENSG00000157107	5.0
122	BEND6	221336	455	ENSG00000151917	6.0
123	NAAA	27163	454	ENSG00000138744	4.0
124	SFXN2	118980	450	ENSG00000156398	10.0
125	ZNF429	353088	449	ENSG00000197013	19.0
126	LOC100125556	100125556	447	ENSG00000171084	3.0
127	STAP1	26228	441	ENSG00000035720	4.0
128	PHOSPHO2	493911	440	ENSG00000144362	2.0
129	NSUN6	221078	438	ENSG00000241058	10.0
130	L1TD1	54596	438	ENSG00000240563	1.0
131	WDR6	11180	437	ENSG00000178252	3.0
132	SCAPER	49855	436	ENSG00000140386	15.0
133	ENTPD1	953	433	ENSG00000138185	10.0
134	NME7	29922	431	ENSG00000143156	1.0
135	SMR3B	10879	430	ENSG00000171201	4.0
136	UHRF1BP1	54887	424	ENSG00000065060	6.0
137	SUPT3H	8464	424	ENSG00000196284	6.0
138	GOLGA6L9	440295	424	ENSG00000197978	15.0
139	TREX1	11277	423	ENSG00000213689	3.0
140	CCDC91	55297	422	ENSG00000123106	12.0
141	CCDC36	339834	421	ENSG00000173421	3.0
142	RPL9	6133	420	ENSG00000163682	4.0
143	FBN2	2201	420	ENSG00000138829	5.0
144	MLF1IP	79682	419	ENSG00000151725	4.0
145	HAPLN4	404037	419	ENSG00000187664	19.0
146	ZNF568	374900	418	ENSG00000198453	19.0
147	ITIH4	3700	416	ENSG00000055955	3.0
148	ZFAND2A	90637	416	ENSG00000178381	7.0
149	ZNF589	51385	414	ENSG00000164048	3.0
150	MS4A4A	51338	414	ENSG00000110079	11.0
152	CST2	1470	409	ENSG00000170369	20.0
153	HMGN1	3150	409	ENSG00000205581	21.0
154	ZNF155	7711	409	ENSG00000204920	19.0
155	AS3MT	57412	407	ENSG00000214435	10.0
156	TYW1B	441250	405	ENSG00000277149	7.0
157	ST7L	54879	402	ENSG00000007341	1.0
158	UGT2B7	7364	400	ENSG00000171234	4.0
159	C15orf57	90416	400	ENSG00000128891	15.0
160	SOHLH2	54937	399	ENSG00000120669	13.0
161	NHEDC1	150159	398	ENSG00000164037	4.0
162	PDHB	5162	397	ENSG00000168291	3.0
164	SH3YL1	26751	396	ENSG00000035115	2.0
165	BTN2A2	10385	394	ENSG00000124508	6.0
166	TMEM165	55858	394	ENSG00000134851	4.0
167	PSMG1	8624	391	ENSG00000183527	21.0
168	SLC22A5	6584	391	ENSG00000197375	5.0
169	ZNF772	400720	390	ENSG00000197128	19.0
170	HORMAD1	84072	390	ENSG00000143452	1.0
171	ZNF502	91392	390	ENSG00000196653	3.0
172	CCDC73	493860	389	ENSG00000186714	11.0
173	RWDD2B	10069	388	ENSG00000156253	21.0
174	MYO1H	283446	386	ENSG00000174527	12.0
176	MMP24	10893	384	ENSG00000125966	20.0
177	SPRR1A	6698	383	ENSG00000169474	1.0
178	C10orf107	219621	383	ENSG00000183346	10.0
179	ZNF607	84775	383	ENSG00000198182	19.0
180	ZMAT2	153527	380	ENSG00000146007	5.0
181	SPDYE2	441273	380	ENSG00000205238	7.0
182	ZNF773	374928	377	ENSG00000152439	19.0
183	WDR55	54853	377	ENSG00000120314	5.0
184	CASP9	842	377	ENSG00000132906	1.0
185	POU4F3	5459	376	ENSG00000091010	5.0
186	TCTEX1D1	200132	375	ENSG00000152760	1.0
187	GNRHR	2798	375	ENSG00000109163	4.0
188	PDLIM4	8572	372	ENSG00000131435	5.0
189	C1orf156	92342	371	ENSG00000171806	1.0
190	LCLAT1	253558	367	ENSG00000172954	2.0
191	HSD17B12	51144	366	ENSG00000149084	11.0
192	LQK1	642946	365	ENSG00000198468	1.0
193	ZNF419	79744	363	ENSG00000105136	19.0
194	SPCS1	28972	355	ENSG00000114902	3.0
195	HELLS	3070	353	ENSG00000119969	10.0
197	TIMM10	26519	353	ENSG00000134809	11.0
198	SEC31B	25956	352	ENSG00000075826	10.0
199	SLC7A9	11136	352	ENSG00000021488	19.0
201	WDR60	55112	345	ENSG00000126870	7.0
202	FCRL3	115352	344	ENSG00000160856	1.0
203	MADD	8567	341	ENSG00000110514	11.0
204	ANAPC13	25847	341	ENSG00000129055	3.0
205	PCDHA10	56139	337	ENSG00000250120	5.0
206	TDRD5	163589	336	ENSG00000162782	1.0
207	UBQLNL	143630	336	ENSG00000175518	11.0
208	RSRC1	51319	334	ENSG00000174891	3.0
210	VN1R1	57191	334	ENSG00000178201	19.0
211	ZNF187	7741	333	ENSG00000197062	6.0
212	APIP	51074	332	ENSG00000149089	11.0
213	NSUN4	387338	330	ENSG00000117481	1.0
214	CCDC53	51019	330	ENSG00000120860	12.0
215	VWDE	221806	328	ENSG00000146530	7.0
216	IQCH	64799	327	ENSG00000103599	15.0
217	PIGP	51227	327	ENSG00000185808	21.0
218	ZNF593	51042	324	ENSG00000142684	1.0
219	GNG10	2790	324	ENSG00000242616	9.0
220	NUDT13	25961	324	ENSG00000166321	10.0
221	MCM3AP	8888	324	ENSG00000160294	21.0
222	CILP2	148113	323	ENSG00000160161	19.0
223	LYRM5	144363	323	ENSG00000205707	12.0
224	POMZP3	22932	322	ENSG00000146707	7.0
225	ANKRD36B	57730	322	ENSG00000196912	2.0
226	C14orf33	100129075	322	ENSG00000186615	14.0
227	MRPS30	10884	321	ENSG00000112996	5.0
228	INVS	27130	320	ENSG00000119509	9.0
229	SPPL2A	84888	319	ENSG00000138600	15.0
230	ZNF404	342908	318	ENSG00000176222	19.0
231	ITPA	3704	318	ENSG00000125877	20.0
232	STX17	55014	318	ENSG00000136874	9.0
233	UROS	7390	317	ENSG00000188690	10.0
234	FIGNL1	63979	317	ENSG00000132436	7.0
235	LOC374443	374443	317	ENSG00000256594	12.0
236	ALDH8A1	64577	316	ENSG00000118514	6.0
237	MITD1	129531	316	ENSG00000158411	2.0
238	AKR1C3	8644	315	ENSG00000196139	10.0
239	C7orf44	55744	315	ENSG00000106603	7.0
240	C6orf163	206412	315	ENSG00000203872	6.0
241	C13orf38	728591	314	ENSG00000242715	13.0
242	ZNF738	148203	313	ENSG00000172687	19.0
243	ZNF257	113835	313	ENSG00000197134	19.0
244	PRPH2	5961	312	ENSG00000112619	6.0
245	ZNF493	284443	311	ENSG00000196268	19.0
246	TRMT61B	55006	311	ENSG00000171103	2.0
247	C6orf41	100133205	310	ENSG00000224843	6.0
248	PLK1S1	55857	310	ENSG00000088970	20.0
249	PPP2R3C	55012	310	ENSG00000092020	14.0
250	C7orf63	79846	307	ENSG00000105792	7.0
251	TRIM66	9866	307	ENSG00000166436	11.0
252	PYGB	5834	306	ENSG00000100994	20.0
253	GPX7	2882	306	ENSG00000116157	1.0
255	HS2ST1	9653	306	ENSG00000153936	1.0
256	STOX1	219736	306	ENSG00000165730	10.0
257	ZRANB3	84083	305	ENSG00000121988	2.0
258	ATG10	83734	304	ENSG00000152348	5.0
259	PYROXD2	84795	303	ENSG00000119943	10.0
260	LYZ	4069	302	ENSG00000090382	12.0
261	KRT6C	286887	302	ENSG00000170465	12.0
262	AVL9	23080	301	ENSG00000105778	7.0
263	SMPD2	6610	301	ENSG00000135587	6.0
264	SNCA	6622	299	ENSG00000145335	4.0
265	LINGO1	84894	299	ENSG00000169783	15.0
266	ZKSCAN2	342357	299	ENSG00000155592	16.0
267	GBP7	388646	298	ENSG00000213512	1.0
268	MCOLN2	255231	298	ENSG00000153898	1.0
269	C5orf35	133383	298	ENSG00000155542	5.0
270	WDR87	83889	297	ENSG00000171804	19.0
271	SIRPB1	10326	297	ENSG00000101307	20.0
273	ARPP19	10776	295	ENSG00000128989	15.0
274	FAM119B	25895	294	ENSG00000123427	12.0
275	SPATA5L1	79029	294	ENSG00000171763	15.0
276	XRCC6BP1	91419	294	ENSG00000166896	12.0
277	GTPBP10	85865	294	ENSG00000105793	7.0
278	IL20RB	53833	293	ENSG00000174564	3.0
279	ADCK1	57143	293	ENSG00000063761	14.0
280	NXPH1	30010	292	ENSG00000122584	7.0
281	TSFM	10102	291	ENSG00000123297	12.0
282	GGT7	2686	291	ENSG00000131067	20.0
283	LRRC19	64922	290	ENSG00000184434	9.0
284	SPINK5	11005	290	ENSG00000133710	5.0
285	COX4I2	84701	290	ENSG00000131055	20.0
286	ZMYND12	84217	289	ENSG00000066185	1.0
287	ULK4	54986	289	ENSG00000168038	3.0
288	P4HTM	54681	288	ENSG00000178467	3.0
290	CEP63	80254	288	ENSG00000182923	3.0
291	C11orf46	120534	288	ENSG00000152219	11.0
292	NEK11	79858	286	ENSG00000114670	3.0
293	HAAO	23498	285	ENSG00000162882	2.0
294	NCAPG	64151	284	ENSG00000109805	4.0
295	CCDC152	100129792	284	ENSG00000198865	5.0
297	UQCC	55245	283	ENSG00000101019	20.0
298	ZSCAN12	9753	282	ENSG00000158691	6.0
299	FAM162B	221303	282	ENSG00000183807	6.0
301	IBSP	3381	279	ENSG00000029559	4.0
302	MRPL35	51318	279	ENSG00000132313	2.0
303	METT5D1	196074	278	ENSG00000169519	11.0
304	MAEL	84944	277	ENSG00000143194	1.0
305	PBLD	64081	276	ENSG00000108187	10.0
306	FAM160A1	729830	276	ENSG00000164142	4.0
307	TMEM180	79847	275	ENSG00000138111	10.0
308	AKR1E2	83592	275	ENSG00000165568	10.0
309	C2orf63	130162	274	ENSG00000162994	2.0
310	ZNF208	7757	274	ENSG00000160321	19.0
312	GRK4	2868	271	ENSG00000125388	4.0
313	ZNF682	91120	271	ENSG00000197124	19.0
314	CHPT1	56994	271	ENSG00000111666	12.0
315	ALS2CR12	130540	271	ENSG00000155749	2.0
316	NCKIPSD	51517	270	ENSG00000213672	3.0
317	TIMD4	91937	268	ENSG00000145850	5.0
318	CENPC1	1060	268	ENSG00000145241	4.0
319	ADH1C	126	268	ENSG00000248144	4.0
320	FBXO30	84085	267	ENSG00000118496	6.0
321	LEKR1	389170	267	ENSG00000197980	3.0
322	LOC338651	338651	267	ENSG00000233930	11.0
323	FAM71F2	346653	267	ENSG00000205085	7.0
324	TRIM4	89122	264	ENSG00000146833	7.0
325	SLC41A3	54946	264	ENSG00000114544	3.0
326	TTC32	130502	264	ENSG00000183891	2.0
328	KLRAQ1	129285	264	ENSG00000162869	2.0
329	GCC2	9648	263	ENSG00000135968	2.0
331	VCAM1	7412	263	ENSG00000162692	1.0
332	AKAP3	10566	261	ENSG00000111254	12.0
333	PROCR	10544	261	ENSG00000101000	20.0
335	KRTCAP3	200634	261	ENSG00000157992	2.0
336	CPA5	93979	261	ENSG00000158525	7.0
337	KATNAL2	83473	260	ENSG00000167216	18.0
338	ATP6AP1L	92270	260	ENSG00000205464	5.0
339	PPP6C	5537	260	ENSG00000119414	9.0
340	TDGF1	6997	259	ENSG00000241186	3.0
341	ZNF709	163051	258	ENSG00000242852	19.0
342	C2orf84	653140	257	ENSG00000186453	2.0
343	ZNF561	93134	257	ENSG00000171469	19.0
344	FAM154B	283726	256	ENSG00000188659	15.0
345	AKD1	221264	256	ENSG00000155085	6.0
346	ALOX5	240	255	ENSG00000012779	10.0
347	MRPL39	54148	255	ENSG00000154719	21.0
348	SFTA3	253970	254	ENSG00000257520	14.0
349	GABRA2	2555	254	ENSG00000151834	4.0
350	ALG1L	200810	254	ENSG00000189366	3.0
351	ERP27	121506	254	ENSG00000139055	12.0
352	ZNF389	651302	254	ENSG00000226314	6.0
353	ST8SIA4	7903	254	ENSG00000113532	5.0
354	KIAA1586	57691	253	ENSG00000168116	6.0
355	SPINK6	404203	253	ENSG00000178172	5.0
356	TCP11L1	55346	253	ENSG00000176148	11.0
357	ZNF786	136051	252	ENSG00000197362	7.0
358	ALDH5A1	7915	252	ENSG00000112294	6.0
359	GPLD1	2822	252	ENSG00000112293	6.0
360	GALC	2581	251	ENSG00000054983	14.0
361	NKX2-1	7080	251	ENSG00000136352	14.0
362	BAK1	578	250	ENSG00000030110	6.0
363	HIST1H3E	8353	250	ENSG00000274750	6.0
364	PGD	5226	249	ENSG00000142657	1.0
365	CNTLN	54875	249	ENSG00000044459	9.0
366	TTC18	118491	249	ENSG00000156042	10.0
367	MYBPC3	4607	248	ENSG00000134571	11.0
368	C2orf54	79919	248	ENSG00000172478	2.0
369	CCR5	1234	248	ENSG00000160791	3.0
371	TDH	157739	247	ENSG00000154316	8.0
372	CD177	57126	247	ENSG00000204936	19.0
373	SLC22A10	387775	246	ENSG00000184999	11.0
374	POLR1A	25885	246	ENSG00000068654	2.0
376	SULT1C2	6819	246	ENSG00000198203	2.0
377	CCDC17	149483	246	ENSG00000159588	1.0
378	FLJ40852	285962	245	ENSG00000228775	7.0
379	MS4A14	84689	245	ENSG00000166928	11.0
380	C3orf55	152078	245	ENSG00000174899	3.0
381	ERCC8	1161	243	ENSG00000049167	5.0
382	USP44	84101	243	ENSG00000136014	12.0
383	NOM1	64434	243	ENSG00000146909	7.0
384	ZNF425	155054	243	ENSG00000204947	7.0
385	KLHL5	51088	243	ENSG00000109790	4.0
386	CST4	1472	243	ENSG00000101441	20.0
387	HMGCLL1	54511	242	ENSG00000146151	6.0
388	PNLDC1	154197	241	ENSG00000146453	6.0
389	C9orf43	257169	240	ENSG00000157653	9.0
390	DGCR11	25786	240	ENSG00000273311	22.0
391	TRIM59	286827	240	ENSG00000213186	3.0
392	UNC50	25972	240	ENSG00000115446	2.0
393	RUVBL1	8607	239	ENSG00000175792	3.0
394	TMEM140	55281	238	ENSG00000146859	7.0
396	SLC38A11	151258	238	ENSG00000169507	2.0
397	TULP3	7289	237	ENSG00000078246	12.0
398	CD37	951	237	ENSG00000104894	19.0
400	KHK	3795	237	ENSG00000138030	2.0
401	NRBF2	29982	237	ENSG00000148572	10.0
402	CAPS2	84698	237	ENSG00000180881	12.0
403	CWF19L1	55280	236	ENSG00000095485	10.0
404	SYPL2	284612	236	ENSG00000143028	1.0
405	CELF4	56853	235	ENSG00000101489	18.0
406	LHFPL5	222662	235	ENSG00000197753	6.0
407	C10orf129	142827	235	ENSG00000173124	10.0
408	GEN1	348654	235	ENSG00000178295	2.0
409	REEP1	65055	235	ENSG00000068615	2.0
410	RFX8	731220	234	ENSG00000196460	2.0
411	GPNMB	10457	234	ENSG00000136235	7.0
412	DNAH5	1767	234	ENSG00000039139	5.0
413	IL18R1	8809	233	ENSG00000115604	2.0
414	SEPP1	6414	233	ENSG00000250722	5.0
415	FAAH	2166	232	ENSG00000117480	1.0
416	KRTAP5-2	440021	232	ENSG00000205867	11.0
417	NEK10	152110	231	ENSG00000163491	3.0
418	FLG	2312	231	ENSG00000143631	1.0
419	BAIAP2L1	55971	229	ENSG00000006453	7.0
420	IL1RN	3557	229	ENSG00000136689	2.0
421	FAM26F	441168	228	ENSG00000188820	6.0
422	C2orf52	151477	228	ENSG00000181798	2.0
423	SULT1A1	6817	228	ENSG00000196502	16.0
424	DSG1	1828	228	ENSG00000134760	18.0
425	SEC22A	26984	227	ENSG00000121542	3.0
426	PMCH	5367	227	ENSG00000183395	12.0
427	WDSUB1	151525	227	ENSG00000196151	2.0
428	ZNF181	339318	227	ENSG00000197841	19.0
429	RPS23	6228	226	ENSG00000186468	5.0
430	HEATR4	399671	226	ENSG00000187105	14.0
431	PYROXD1	79912	225	ENSG00000121350	12.0
432	ESPNL	339768	225	ENSG00000144488	2.0
433	PLAC9	219348	225	ENSG00000189129	10.0
434	THNSL2	55258	225	ENSG00000144115	2.0
435	DHX36	170506	224	ENSG00000174953	3.0
436	CASP7	840	224	ENSG00000165806	10.0
437	TAS2R4	50832	224	ENSG00000127364	7.0
438	DR1	1810	223	ENSG00000117505	1.0
439	TRIP4	9325	223	ENSG00000103671	15.0
440	PAWR	5074	223	ENSG00000177425	12.0
441	ALMS1P	200420	223	ENSG00000163016	2.0
442	CDC26	246184	223	ENSG00000176386	9.0
443	LOC100128164	100128164	222	ENSG00000239219	3.0
444	TMEM87B	84910	222	ENSG00000153214	2.0
445	ZNF322A	79692	222	ENSG00000181315	6.0
446	ZNF559	84527	222	ENSG00000188321	19.0
448	TRIM63	84676	222	ENSG00000158022	1.0
449	KRT1	3848	221	ENSG00000167768	12.0
450	ITGB3BP	23421	221	ENSG00000142856	1.0
451	ZFP14	57677	221	ENSG00000142065	19.0
452	WDYHV1	55093	221	ENSG00000156795	8.0
453	CTSW	1521	221	ENSG00000172543	11.0
454	MBL1P	8512	221	ENSG00000242600	10.0
455	CDC7	8317	221	ENSG00000097046	1.0
456	ETAA1	54465	220	ENSG00000143971	2.0
457	PACRG	135138	220	ENSG00000112530	6.0
458	CTSH	1512	219	ENSG00000103811	15.0
459	TP53INP2	58476	219	ENSG00000078804	20.0
460	TMEM194B	100131211	219	ENSG00000189362	2.0
461	LRRIQ3	127255	218	ENSG00000162620	1.0
462	C2orf28	51374	218	ENSG00000138085	2.0
463	C12orf47	51275	218	ENSG00000234608	12.0
464	ZNF98	148198	218	ENSG00000197360	19.0
465	TAF1B	9014	218	ENSG00000115750	2.0
466	ATP6V1E2	90423	216	ENSG00000250565	2.0
467	C16orf75	116028	216	ENSG00000175643	16.0
469	C6orf127	340204	216	ENSG00000204140	6.0
470	TAPBPL	55080	215	ENSG00000139192	12.0
471	LOC151174	151174	215	ENSG00000186235	2.0
472	TIPIN	54962	215	ENSG00000075131	15.0
473	LOC654433	654433	215	ENSG00000189223	2.0
474	HTR1F	3355	215	ENSG00000179097	3.0
475	C17orf57	124989	215	ENSG00000178852	17.0
477	MTHFS	10588	214	ENSG00000136371	15.0
478	NME6	10201	213	ENSG00000172113	3.0
479	EIF3CL	728689	213	ENSG00000205609	16.0
480	KCTD10	83892	212	ENSG00000110906	12.0
481	TMEM163	81615	212	ENSG00000152128	2.0
482	CENPP	401541	212	ENSG00000188312	9.0
483	MED19	219541	211	ENSG00000156603	11.0
484	SERPIND1	3053	211	ENSG00000099937	22.0
485	WRB	7485	211	ENSG00000182093	21.0
486	LOC647946	647946	211	ENSG00000267374	18.0
487	AP4E1	23431	210	ENSG00000081014	15.0
488	CLEC2D	29121	210	ENSG00000069493	12.0
489	TMEM60	85025	210	ENSG00000135211	7.0
490	RAB33B	83452	210	ENSG00000172007	4.0
491	NDUFV3	4731	209	ENSG00000160194	21.0
492	DEPDC7	91614	209	ENSG00000121690	11.0
493	TRAF1	7185	208	ENSG00000056558	9.0
495	WBSCR27	155368	208	ENSG00000165171	7.0
496	SERINC2	347735	208	ENSG00000168528	1.0
497	KLRC2	3822	207	ENSG00000205809	12.0
498	MMACHC	25974	207	ENSG00000132763	1.0
499	EIF3C	8663	207	ENSG00000184110	16.0
500	DKKL1	27120	206	ENSG00000104901	19.0
501	CEBPZ	10153	206	ENSG00000115816	2.0
502	PENK	5179	206	ENSG00000181195	8.0
503	ZNF184	7738	206	ENSG00000096654	6.0
504	CHST13	166012	206	ENSG00000180767	3.0
505	CPS1	1373	205	ENSG00000021826	2.0
506	FUT10	84750	205	ENSG00000172728	8.0
507	POLR1B	84172	205	ENSG00000125630	2.0
508	CRIPT	9419	205	ENSG00000119878	2.0
509	KIAA0090	23065	204	ENSG00000127463	1.0
510	DCTN5	84516	204	ENSG00000166847	16.0
511	RPAP2	79871	204	ENSG00000122484	1.0
512	CCDC155	147872	203	ENSG00000161609	19.0
513	OR56A3	390083	203	ENSG00000184478	11.0
514	FABP3	2170	203	ENSG00000121769	1.0
515	CLEC12A	160364	203	ENSG00000172322	12.0
516	C18orf10	25941	202	ENSG00000134779	18.0
517	CCDC18	343099	202	ENSG00000122483	1.0
519	RPSA	3921	201	ENSG00000168028	3.0
520	C15orf51	196968	200	ENSG00000182397	15.0
521	SLMO1	10650	200	ENSG00000141391	18.0
522	OR13A1	79290	200	ENSG00000256574	10.0
523	CAT	847	200	ENSG00000121691	11.0
524	PCBP3	54039	199	ENSG00000183570	21.0
525	OAS1	4938	199	ENSG00000089127	12.0
526	ZP3	7784	199	ENSG00000188372	7.0
527	STAC	6769	199	ENSG00000144681	3.0
529	PCNX	22990	198	ENSG00000100731	14.0
530	LRRC69	100130742	198	ENSG00000214954	8.0
531	CCDC111	201973	197	ENSG00000164306	4.0
532	ZNF79	7633	197	ENSG00000196152	9.0
533	POLR1E	64425	197	ENSG00000137054	9.0
534	MED21	9412	197	ENSG00000152944	12.0
535	ANO7	50636	197	ENSG00000146205	2.0
536	NRBP1	29959	197	ENSG00000115216	2.0
537	LDHC	3948	197	ENSG00000166796	11.0
538	OR2A1	346528	196	ENSG00000221970	7.0
539	FAM149B1	317662	196	ENSG00000138286	10.0
540	HSPA4	3308	196	ENSG00000170606	5.0
541	RRP12	23223	196	ENSG00000052749	10.0
542	GATC	283459	195	ENSG00000257218	12.0
543	COQ5	84274	194	ENSG00000110871	12.0
544	OPA1	4976	194	ENSG00000198836	3.0
545	TACR2	6865	194	ENSG00000075073	10.0
546	LCT	3938	194	ENSG00000115850	2.0
547	C2orf3	6936	193	ENSG00000005436	2.0
548	TPRKB	51002	193	ENSG00000144034	2.0
549	C2orf82	389084	192	ENSG00000182600	2.0
550	MDGA1	266727	192	ENSG00000112139	6.0
551	PET112L	5188	192	ENSG00000059691	4.0
552	GPR113	165082	192	ENSG00000173567	2.0
553	LOC284900	284900	192	ENSG00000235954	22.0
554	C9orf5	23731	191	ENSG00000106771	9.0
555	CCDC90B	60492	191	ENSG00000137500	11.0
556	KLRC1	3821	190	ENSG00000134545	12.0
558	KLRG1	10219	190	ENSG00000139187	12.0
559	SUCLA2	8803	190	ENSG00000136143	13.0
560	SIGLEC11	114132	190	ENSG00000161640	19.0
561	PLOD2	5352	189	ENSG00000152952	3.0
562	CRISP3	10321	189	ENSG00000096006	6.0
564	C2orf73	129852	189	ENSG00000177994	2.0
565	GFM1	85476	189	ENSG00000168827	3.0
567	FAM82A1	151393	189	ENSG00000115841	2.0
568	PRIM2	5558	188	ENSG00000146143	6.0
569	NUP210L	91181	188	ENSG00000143552	1.0
570	ARHGEF19	128272	188	ENSG00000142632	1.0
571	NDUFS2	4720	188	ENSG00000158864	1.0
572	CDC25A	993	187	ENSG00000164045	3.0
573	C10orf4	118924	187	ENSG00000148690	10.0
574	IPO8	10526	187	ENSG00000133704	12.0
575	GOLT1B	51026	187	ENSG00000111711	12.0
576	HARS2	23438	187	ENSG00000112855	5.0
577	PDPK1	5170	187	ENSG00000140992	16.0
578	SLC9A8	23315	186	ENSG00000197818	20.0
579	PEX6	5190	186	ENSG00000124587	6.0
580	RINT1	60561	186	ENSG00000135249	7.0
581	VWA2	340706	186	ENSG00000165816	10.0
582	MRPL21	219927	186	ENSG00000197345	11.0
583	ACTN3	89	185	ENSG00000248746	11.0
584	C12orf32	83695	185	ENSG00000171792	12.0
585	SIGLEC16	400709	185	ENSG00000161643	19.0
586	TMEM156	80008	184	ENSG00000121895	4.0
587	TG	7038	184	ENSG00000042832	8.0
588	NIPAL4	348938	184	ENSG00000172548	5.0
589	SLC4A7	9497	184	ENSG00000033867	3.0
590	SCGN	10590	183	ENSG00000079689	6.0
591	SH3BGR	6450	183	ENSG00000185437	21.0
592	RNASET2	8635	183	ENSG00000026297	6.0
593	PAX8	7849	183	ENSG00000125618	2.0
594	SLC5A11	115584	183	ENSG00000158865	16.0
595	C3orf15	89876	183	ENSG00000183833	3.0
596	NDUFA10	4705	183	ENSG00000130414	2.0
597	SNX16	64089	183	ENSG00000104497	8.0
598	PNPT1	87178	183	ENSG00000138035	2.0
599	TMEM115	11070	183	ENSG00000126062	3.0
1	CCT6P1	643253	1930	ENSG00000228409	7.0
7	FAM182B	728882	1435	ENSG00000175170	20.0
36	SNHG5	387066	768	ENSG00000203875	6.0
47	UCA1	652995	687	ENSG00000214049	19.0
99	RPL23AP7	118433	498	ENSG00000240356	2.0
154	DIRC1	116093	413	ENSG00000174325	2.0
257	UPK3B	80761	306	ENSG00000243566	7.0
334	PI4KAP2	375133	263	ENSG00000183506	22.0
480	SBDSP1	155370	214	ENSG00000225648	7.0
498	OR2A9P	441295	208	ENSG00000228960	7.0
532	C2orf27A	29798	198	ENSG00000287151	2.0
