"Gene_symbol"	"Entrez_ID"	"Value_count"	"hgnc_symbol"	"ensembl_gene_id"	"chromosome_name"
"1"	"CCT6P1"	643253	1930	NA	NA	NA
"2"	"STAG3L4"	64940	1805	"STAG3L4"	"ENSG00000106610"	"7"
"3"	"ZNF117"	51351	1668	"ZNF117"	"ENSG00000152926"	"7"
"4"	"LOC399744"	399744	1437	NA	NA	NA
"5"	"FAM182B"	728882	1435	NA	NA	NA
"6"	"BTN3A2"	11118	1377	"BTN3A2"	"ENSG00000186470"	"6"
"7"	"LOC168474"	168474	1340	NA	NA	NA
"8"	"GUSBL2"	375513	1290	NA	NA	NA
"9"	"TYW1"	55253	1273	"TYW1"	"ENSG00000198874"	"7"
"10"	"LOC84856"	84856	1224	"LINC00839"	"ENSG00000185904"	"10"
"11"	"C2orf74"	339804	1219	"C2orf74"	"ENSG00000237651"	"2"
"12"	"ZNF781"	163115	1160	"ZNF781"	"ENSG00000196381"	"19"
"13"	"ZSCAN23"	222696	1073	"ZSCAN23"	"ENSG00000187987"	"6"
"14"	"NUDT2"	318	1056	"NUDT2"	"ENSG00000164978"	"9"
"15"	"GYPE"	2996	1031	"GYPE"	"ENSG00000197465"	"4"
"16"	"WFDC3"	140686	1006	"WFDC3"	"ENSG00000124116"	"20"
"17"	"MANBA"	4126	964	"MANBA"	"ENSG00000109323"	"4"
"18"	"C10orf32"	119032	963	"BORCS7"	"ENSG00000166275"	"10"
"19"	"CCDC163P"	126661	962	"CCDC163"	"ENSG00000280670"	"1"
"20"	"LOC493754"	493754	955	NA	NA	NA
"21"	"TSGA10"	80705	937	"TSGA10"	"ENSG00000135951"	"2"
"22"	"INTS4L1"	285905	919	"INTS4P1"	"ENSG00000164669"	"7"
"23"	"MASTL"	84930	852	"MASTL"	"ENSG00000120539"	"10"
"24"	"AHSA2"	130872	850	"AHSA2P"	"ENSG00000173209"	"2"
"25"	"LIPT1"	51601	844	"LIPT1"	"ENSG00000144182"	"2"
"26"	"COL21A1"	81578	844	"COL21A1"	"ENSG00000124749"	"6"
"27"	"C2orf86"	51057	805	"WDPCP"	"ENSG00000143951"	"2"
"28"	"CRCP"	27297	797	"CRCP"	"ENSG00000241258"	"7"
"29"	"SYT10"	341359	788	"SYT10"	"ENSG00000110975"	"12"
"30"	"C21orf57"	54059	775	"YBEY"	"ENSG00000182362"	"21"
"31"	"ERAP2"	64167	775	"ERAP2"	"ENSG00000164308"	"5"
"32"	"TEX264"	51368	770	"TEX264"	"ENSG00000164081"	"3"
"33"	"LOC441666"	441666	770	""	"ENSG00000215146"	"10"
"34"	"SNHG5"	387066	768	NA	NA	NA
"35"	"COX7A2L"	9167	763	"COX7A2L"	"ENSG00000115944"	"2"
"36"	"CENPQ"	55166	751	"CENPQ"	"ENSG00000031691"	"6"
"37"	"N6AMT1"	29104	749	"N6AMT1"	"ENSG00000156239"	"21"
"38"	"NCRNA00189"	193629	742	"LINC00189"	"ENSG00000215533"	"21"
"39"	"C6orf164"	63914	740	"SMIM8"	"ENSG00000111850"	"6"
"40"	"OXCT1"	5019	723	"OXCT1"	"ENSG00000083720"	"5"
"41"	"PSG4"	5672	721	"PSG4"	"ENSG00000243137"	"19"
"42"	"C1orf190"	541468	720	"LURAP1"	"ENSG00000171357"	"1"
"43"	"CPNE1"	8904	709	"CPNE1"	"ENSG00000214078"	"20"
"44"	"FAM182A"	284800	707	"FAM182A"	"ENSG00000125804"	"20"
"45"	"UCA1"	652995	687	NA	NA	NA
"46"	"C10orf68"	79741	672	"CCDC7"	"ENSG00000216937"	"10"
"47"	"DDX11L2"	84771	667	"DDX11L1"	"ENSG00000223972"	"1"
"48"	"OR7D2"	162998	665	"OR7D2"	"ENSG00000188000"	"19"
"49"	"DHFR"	1719	661	"DHFR"	"ENSG00000228716"	"5"
"50"	"ZNF492"	57615	655	"ZNF492"	"ENSG00000229676"	"19"
"51"	"SLC2A9"	56606	648	"SLC2A9"	"ENSG00000109667"	"4"
"52"	"MUT"	4594	646	"MMUT"	"ENSG00000146085"	"6"
"53"	"POLI"	11201	646	"POLI"	"ENSG00000101751"	"18"
"54"	"CLECL1"	160365	644	"CLECL1"	"ENSG00000184293"	"12"
"55"	"ZNF266"	10781	630	"ZNF266"	"ENSG00000174652"	"19"
"56"	"ERAP1"	51752	629	"ERAP1"	"ENSG00000164307"	"5"
"57"	"LY75"	4065	622	"LY75"	"ENSG00000054219"	"2"
"58"	"GLIPR1L2"	144321	617	"GLIPR1L2"	"ENSG00000180481"	"12"
"59"	"ZNF323"	64288	616	"ZSCAN31"	"ENSG00000235109"	"6"
"60"	"MUTYH"	4595	607	"MUTYH"	"ENSG00000132781"	"1"
"61"	"CST7"	8530	599	"CST7"	"ENSG00000077984"	"20"
"62"	"ZNF846"	162993	596	"ZNF846"	"ENSG00000196605"	"19"
"63"	"C21orf56"	84221	595	"SPATC1L"	"ENSG00000160284"	"21"
"64"	"GTF2A1L"	11036	593	"GTF2A1L"	"ENSG00000242441"	"2"
"65"	"LOC375190"	375190	584	"FAM228B"	"ENSG00000219626"	"2"
"66"	"NLRC4"	58484	578	"NLRC4"	"ENSG00000091106"	"2"
"67"	"ZNF793"	390927	578	"ZNF793"	"ENSG00000188227"	"19"
"68"	"FLJ45340"	402483	571	NA	NA	NA
"69"	"XKR9"	389668	567	"XKR9"	"ENSG00000221947"	"8"
"70"	"RGPD4"	285190	565	"RGPD4"	"ENSG00000196862"	"2"
"71"	"FAHD1"	81889	565	"FAHD1"	"ENSG00000180185"	"16"
"72"	"LOC90784"	90784	560	NA	NA	NA
"73"	"MSH3"	4437	559	"MSH3"	"ENSG00000113318"	"5"
"74"	"OR2A7"	401427	559	"OR2A7"	"ENSG00000243896"	"7"
"75"	"CYP4F11"	57834	556	"CYP4F11"	"ENSG00000171903"	"19"
"76"	"EVI5"	7813	556	"EVI5"	"ENSG00000067208"	"1"
"77"	"EFHB"	151651	548	"EFHB"	"ENSG00000163576"	"3"
"78"	"ST3GAL5"	8869	548	"ST3GAL5"	"ENSG00000115525"	"2"
"79"	"LGSN"	51557	540	"LGSN"	"ENSG00000146166"	"6"
"80"	"DYM"	54808	534	"DYM"	"ENSG00000141627"	"18"
"81"	"TBCK"	93627	533	"TBCK"	"ENSG00000145348"	"4"
"82"	"GMPPB"	29925	533	"GMPPB"	"ENSG00000173540"	"3"
"83"	"SERPINC1"	462	532	"SERPINC1"	"ENSG00000117601"	"1"
"84"	"CTSS"	1520	529	"CTSS"	"ENSG00000163131"	"1"
"85"	"CST1"	1469	527	"CST1"	"ENSG00000170373"	"20"
"86"	"ARHGEF35"	445328	527	"ARHGEF35"	"ENSG00000213214"	"7"
"87"	"SENP7"	57337	524	"SENP7"	"ENSG00000138468"	"3"
"88"	"HIBCH"	26275	523	"HIBCH"	"ENSG00000198130"	"2"
"89"	"STON1-GTF2A1L"	286749	523	"STON1-GTF2A1L"	"ENSG00000068781"	"2"
"90"	"PPIL3"	53938	521	"PPIL3"	"ENSG00000240344"	"2"
"91"	"AMTN"	401138	520	"AMTN"	"ENSG00000187689"	"4"
"92"	"PIGN"	23556	519	"PIGN"	"ENSG00000197563"	"18"
"93"	"C9orf130"	100128782	507	"LINC00476"	"ENSG00000175611"	"9"
"94"	"EME2"	197342	503	"EME2"	"ENSG00000197774"	"16"
"95"	"LOC253039"	253039	500	"CUTALP"	"ENSG00000226752"	"9"
"96"	"RPL23AP7"	118433	498	NA	NA	NA
"97"	"IQCB1"	9657	498	"IQCB1"	"ENSG00000173226"	"3"
"98"	"CCDC30"	728621	494	"CCDC30"	"ENSG00000186409"	"1"
"99"	"PPIP5K2"	23262	492	"PPIP5K2"	"ENSG00000145725"	"5"
"100"	"UGT2B4"	7363	486	"UGT2B4"	"ENSG00000156096"	"4"
"101"	"ACSM1"	116285	486	"ACSM1"	"ENSG00000166743"	"16"
"102"	"GBP3"	2635	485	"GBP3"	"ENSG00000117226"	"1"
"103"	"PFN4"	375189	485	"PFN4"	"ENSG00000176732"	"2"
"104"	"PPAP2A"	8611	484	"PLPP1"	"ENSG00000067113"	"5"
"105"	"WARS2"	10352	484	"WARS2"	"ENSG00000116874"	"1"
"106"	"ZNF391"	346157	480	"ZNF391"	"ENSG00000124613"	"6"
"107"	"LIN52"	91750	478	"LIN52"	"ENSG00000205659"	"14"
"108"	"MUC7"	4589	476	"MUC7"	"ENSG00000171195"	"4"
"109"	"METTL2B"	55798	474	"METTL2B"	"ENSG00000165055"	"7"
"110"	"BTN2A3"	54718	473	"BTN2A3P"	"ENSG00000124549"	"6"
"111"	"CCBL2"	56267	472	"KYAT3"	"ENSG00000137944"	"1"
"112"	"LOC441294"	441294	470	"CTAGE15"	"ENSG00000271079"	"7"
"113"	"FLJ37201"	283011	466	NA	NA	NA
"114"	"CNGA1"	1259	465	"CNGA1"	"ENSG00000198515"	"4"
"115"	"DDX11"	1663	464	"DDX11"	"ENSG00000013573"	"12"
"116"	"PTGR2"	145482	464	"PTGR2"	"ENSG00000140043"	"14"
"117"	"FAM55C"	91775	463	"NXPE3"	"ENSG00000144815"	"3"
"118"	"MYLK2"	85366	459	"MYLK2"	"ENSG00000101306"	"20"
"119"	"FGD4"	121512	457	"FGD4"	"ENSG00000139132"	"12"
"120"	"MSH6"	2956	456	"MSH6"	"ENSG00000116062"	"2"
"121"	"FCHO2"	115548	455	"FCHO2"	"ENSG00000157107"	"5"
"122"	"BEND6"	221336	455	"BEND6"	"ENSG00000151917"	"6"
"123"	"NAAA"	27163	454	"NAAA"	"ENSG00000138744"	"4"
"124"	"SFXN2"	118980	450	"SFXN2"	"ENSG00000156398"	"10"
"125"	"ZNF429"	353088	449	"ZNF429"	"ENSG00000197013"	"19"
"126"	"LOC100125556"	100125556	447	"FAM86JP"	"ENSG00000171084"	"3"
"127"	"STAP1"	26228	441	"STAP1"	"ENSG00000035720"	"4"
"128"	"PHOSPHO2"	493911	440	"PHOSPHO2"	"ENSG00000144362"	"2"
"129"	"NSUN6"	221078	438	"NSUN6"	"ENSG00000241058"	"10"
"130"	"L1TD1"	54596	438	"L1TD1"	"ENSG00000240563"	"1"
"131"	"WDR6"	11180	437	"WDR6"	"ENSG00000178252"	"3"
"132"	"SCAPER"	49855	436	"SCAPER"	"ENSG00000140386"	"15"
"133"	"ENTPD1"	953	433	"ENTPD1"	"ENSG00000138185"	"10"
"134"	"NME7"	29922	431	"NME7"	"ENSG00000143156"	"1"
"135"	"SMR3B"	10879	430	"SMR3B"	"ENSG00000171201"	"4"
"136"	"UHRF1BP1"	54887	424	"UHRF1BP1"	"ENSG00000065060"	"6"
"137"	"SUPT3H"	8464	424	"SUPT3H"	"ENSG00000196284"	"6"
"138"	"GOLGA6L9"	440295	424	"GOLGA6L9"	"ENSG00000197978"	"15"
"139"	"TREX1"	11277	423	"TREX1"	"ENSG00000213689"	"3"
"140"	"CCDC91"	55297	422	"CCDC91"	"ENSG00000123106"	"12"
"141"	"CCDC36"	339834	421	"IHO1"	"ENSG00000173421"	"3"
"142"	"RPL9"	6133	420	"RPL9"	"ENSG00000163682"	"4"
"143"	"FBN2"	2201	420	"FBN2"	"ENSG00000138829"	"5"
"144"	"MLF1IP"	79682	419	"CENPU"	"ENSG00000151725"	"4"
"145"	"HAPLN4"	404037	419	"HAPLN4"	"ENSG00000187664"	"19"
"146"	"ZNF568"	374900	418	"ZNF568"	"ENSG00000198453"	"19"
"147"	"ITIH4"	3700	416	"ITIH4"	"ENSG00000055955"	"3"
"148"	"ZFAND2A"	90637	416	"ZFAND2A"	"ENSG00000178381"	"7"
"149"	"ZNF589"	51385	414	"ZNF589"	"ENSG00000164048"	"3"
"150"	"MS4A4A"	51338	414	"MS4A4A"	"ENSG00000110079"	"11"
"151"	"DIRC1"	116093	413	NA	NA	NA
"152"	"CST2"	1470	409	"CST2"	"ENSG00000170369"	"20"
"153"	"HMGN1"	3150	409	"HMGN1"	"ENSG00000205581"	"21"
"154"	"ZNF155"	7711	409	"ZNF155"	"ENSG00000204920"	"19"
"155"	"AS3MT"	57412	407	"AS3MT"	"ENSG00000214435"	"10"
"156"	"TYW1B"	441250	405	"TYW1B"	"ENSG00000277149"	"7"
"157"	"ST7L"	54879	402	"ST7L"	"ENSG00000007341"	"1"
"158"	"UGT2B7"	7364	400	"UGT2B7"	"ENSG00000171234"	"4"
"159"	"C15orf57"	90416	400	"CCDC32"	"ENSG00000128891"	"15"
"160"	"SOHLH2"	54937	399	"SOHLH2"	"ENSG00000120669"	"13"
"161"	"NHEDC1"	150159	398	"SLC9B1"	"ENSG00000164037"	"4"
"162"	"PDHB"	5162	397	"PDHB"	"ENSG00000168291"	"3"
"163"	"LOC642846"	642846	397	NA	NA	NA
"164"	"SH3YL1"	26751	396	"SH3YL1"	"ENSG00000035115"	"2"
"165"	"BTN2A2"	10385	394	"BTN2A2"	"ENSG00000124508"	"6"
"166"	"TMEM165"	55858	394	"TMEM165"	"ENSG00000134851"	"4"
"167"	"PSMG1"	8624	391	"PSMG1"	"ENSG00000183527"	"21"
"168"	"SLC22A5"	6584	391	"SLC22A5"	"ENSG00000197375"	"5"
"169"	"ZNF772"	400720	390	"ZNF772"	"ENSG00000197128"	"19"
"170"	"HORMAD1"	84072	390	"HORMAD1"	"ENSG00000143452"	"1"
"171"	"ZNF502"	91392	390	"ZNF502"	"ENSG00000196653"	"3"
"172"	"CCDC73"	493860	389	"CCDC73"	"ENSG00000186714"	"11"
"173"	"RWDD2B"	10069	388	"RWDD2B"	"ENSG00000156253"	"21"
"174"	"MYO1H"	283446	386	"MYO1H"	"ENSG00000174527"	"12"
"175"	"LOC550112"	550112	386	NA	NA	NA
"176"	"MMP24"	10893	384	"MMP24"	"ENSG00000125966"	"20"
"177"	"SPRR1A"	6698	383	"SPRR1A"	"ENSG00000169474"	"1"
"178"	"C10orf107"	219621	383	"CABCOCO1"	"ENSG00000183346"	"10"
"179"	"ZNF607"	84775	383	"ZNF607"	"ENSG00000198182"	"19"
"180"	"ZMAT2"	153527	380	"ZMAT2"	"ENSG00000146007"	"5"
"181"	"SPDYE2"	441273	380	"SPDYE2"	"ENSG00000205238"	"7"
"182"	"ZNF773"	374928	377	"ZNF773"	"ENSG00000152439"	"19"
"183"	"WDR55"	54853	377	"WDR55"	"ENSG00000120314"	"5"
"184"	"CASP9"	842	377	"CASP9"	"ENSG00000132906"	"1"
"185"	"POU4F3"	5459	376	"POU4F3"	"ENSG00000091010"	"5"
"186"	"TCTEX1D1"	200132	375	"DYNLT5"	"ENSG00000152760"	"1"
"187"	"GNRHR"	2798	375	"GNRHR"	"ENSG00000109163"	"4"
"188"	"PDLIM4"	8572	372	"PDLIM4"	"ENSG00000131435"	"5"
"189"	"C1orf156"	92342	371	"METTL18"	"ENSG00000171806"	"1"
"190"	"LCLAT1"	253558	367	"LCLAT1"	"ENSG00000172954"	"2"
"191"	"HSD17B12"	51144	366	"HSD17B12"	"ENSG00000149084"	"11"
"192"	"LQK1"	642946	365	"FLVCR1-DT"	"ENSG00000198468"	"1"
"193"	"ZNF419"	79744	363	"ZNF419"	"ENSG00000105136"	"19"
"194"	"SPCS1"	28972	355	"SPCS1"	"ENSG00000114902"	"3"
"195"	"HELLS"	3070	353	"HELLS"	"ENSG00000119969"	"10"
"196"	"C6orf162"	57150	353	"SMIM8"	"ENSG00000111850"	"6"
"197"	"TIMM10"	26519	353	"TIMM10"	"ENSG00000134809"	"11"
"198"	"SEC31B"	25956	352	"SEC31B"	"ENSG00000075826"	"10"
"199"	"SLC7A9"	11136	352	"SLC7A9"	"ENSG00000021488"	"19"
"200"	"LOC80154"	80154	346	NA	NA	NA
"201"	"WDR60"	55112	345	"DYNC2I1"	"ENSG00000126870"	"7"
"202"	"FCRL3"	115352	344	"FCRL3"	"ENSG00000160856"	"1"
"203"	"MADD"	8567	341	"MADD"	"ENSG00000110514"	"11"
"204"	"ANAPC13"	25847	341	"ANAPC13"	"ENSG00000129055"	"3"
"205"	"PCDHA10"	56139	337	"PCDHA10"	"ENSG00000250120"	"5"
"206"	"TDRD5"	163589	336	"TDRD5"	"ENSG00000162782"	"1"
"207"	"UBQLNL"	143630	336	"UBQLNL"	"ENSG00000175518"	"11"
"208"	"RSRC1"	51319	334	"RSRC1"	"ENSG00000174891"	"3"
"209"	"LOC100134868"	100134868	334	NA	NA	NA
"210"	"VN1R1"	57191	334	"VN1R1"	"ENSG00000178201"	"19"
"211"	"ZNF187"	7741	333	"ZSCAN26"	"ENSG00000197062"	"6"
"212"	"APIP"	51074	332	"APIP"	"ENSG00000149089"	"11"
"213"	"NSUN4"	387338	330	"NSUN4"	"ENSG00000117481"	"1"
"214"	"CCDC53"	51019	330	"WASHC3"	"ENSG00000120860"	"12"
"215"	"VWDE"	221806	328	"VWDE"	"ENSG00000146530"	"7"
"216"	"IQCH"	64799	327	"IQCH"	"ENSG00000103599"	"15"
"217"	"PIGP"	51227	327	"PIGP"	"ENSG00000185808"	"21"
"218"	"ZNF593"	51042	324	"ZNF593"	"ENSG00000142684"	"1"
"219"	"GNG10"	2790	324	"GNG10"	"ENSG00000242616"	"9"
"220"	"NUDT13"	25961	324	"NUDT13"	"ENSG00000166321"	"10"
"221"	"MCM3AP"	8888	324	"MCM3AP"	"ENSG00000160294"	"21"
"222"	"CILP2"	148113	323	"CILP2"	"ENSG00000160161"	"19"
"223"	"LYRM5"	144363	323	"ETFRF1"	"ENSG00000205707"	"12"
"224"	"POMZP3"	22932	322	"POMZP3"	"ENSG00000146707"	"7"
"225"	"ANKRD36B"	57730	322	"ANKRD36B"	"ENSG00000196912"	"2"
"226"	"C14orf33"	100129075	322	"KTN1-AS1"	"ENSG00000186615"	"14"
"227"	"MRPS30"	10884	321	"MRPS30"	"ENSG00000112996"	"5"
"228"	"INVS"	27130	320	"INVS"	"ENSG00000119509"	"9"
"229"	"SPPL2A"	84888	319	"SPPL2A"	"ENSG00000138600"	"15"
"230"	"ZNF404"	342908	318	"ZNF404"	"ENSG00000176222"	"19"
"231"	"ITPA"	3704	318	"ITPA"	"ENSG00000125877"	"20"
"232"	"STX17"	55014	318	"STX17"	"ENSG00000136874"	"9"
"233"	"UROS"	7390	317	"UROS"	"ENSG00000188690"	"10"
"234"	"FIGNL1"	63979	317	"FIGNL1"	"ENSG00000132436"	"7"
"235"	"LOC374443"	374443	317	""	"ENSG00000256594"	"12"
"236"	"ALDH8A1"	64577	316	"ALDH8A1"	"ENSG00000118514"	"6"
"237"	"MITD1"	129531	316	"MITD1"	"ENSG00000158411"	"2"
"238"	"AKR1C3"	8644	315	"AKR1C3"	"ENSG00000196139"	"10"
"239"	"C7orf44"	55744	315	"COA1"	"ENSG00000106603"	"7"
"240"	"C6orf163"	206412	315	"C6orf163"	"ENSG00000203872"	"6"
"241"	"C13orf38"	728591	314	"CCDC169"	"ENSG00000242715"	"13"
"242"	"ZNF738"	148203	313	"ZNF738"	"ENSG00000172687"	"19"
"243"	"ZNF257"	113835	313	"ZNF257"	"ENSG00000197134"	"19"
"244"	"PRPH2"	5961	312	"PRPH2"	"ENSG00000112619"	"6"
"245"	"ZNF493"	284443	311	"ZNF493"	"ENSG00000196268"	"19"
"246"	"TRMT61B"	55006	311	"TRMT61B"	"ENSG00000171103"	"2"
"247"	"C6orf41"	100133205	310	"LINC00240"	"ENSG00000224843"	"6"
"248"	"PLK1S1"	55857	310	"KIZ"	"ENSG00000088970"	"20"
"249"	"PPP2R3C"	55012	310	"PPP2R3C"	"ENSG00000092020"	"14"
"250"	"C7orf63"	79846	307	"CFAP69"	"ENSG00000105792"	"7"
"251"	"TRIM66"	9866	307	"TRIM66"	"ENSG00000166436"	"11"
"252"	"PYGB"	5834	306	"PYGB"	"ENSG00000100994"	"20"
"253"	"GPX7"	2882	306	"GPX7"	"ENSG00000116157"	"1"
"254"	"UPK3B"	80761	306	NA	NA	NA
"255"	"HS2ST1"	9653	306	"HS2ST1"	"ENSG00000153936"	"1"
"256"	"STOX1"	219736	306	"STOX1"	"ENSG00000165730"	"10"
"257"	"ZRANB3"	84083	305	"ZRANB3"	"ENSG00000121988"	"2"
"258"	"ATG10"	83734	304	"ATG10"	"ENSG00000152348"	"5"
"259"	"PYROXD2"	84795	303	"PYROXD2"	"ENSG00000119943"	"10"
"260"	"LYZ"	4069	302	"LYZ"	"ENSG00000090382"	"12"
"261"	"KRT6C"	286887	302	"KRT6C"	"ENSG00000170465"	"12"
"262"	"AVL9"	23080	301	"AVL9"	"ENSG00000105778"	"7"
"263"	"SMPD2"	6610	301	"SMPD2"	"ENSG00000135587"	"6"
"264"	"SNCA"	6622	299	"SNCA"	"ENSG00000145335"	"4"
"265"	"LINGO1"	84894	299	"LINGO1"	"ENSG00000169783"	"15"
"266"	"ZKSCAN2"	342357	299	"ZKSCAN2"	"ENSG00000155592"	"16"
"267"	"GBP7"	388646	298	"GBP7"	"ENSG00000213512"	"1"
"268"	"MCOLN2"	255231	298	"MCOLN2"	"ENSG00000153898"	"1"
"269"	"C5orf35"	133383	298	"SETD9"	"ENSG00000155542"	"5"
"270"	"WDR87"	83889	297	"WDR87"	"ENSG00000171804"	"19"
"271"	"SIRPB1"	10326	297	"SIRPB1"	"ENSG00000101307"	"20"
"272"	"CCDC7"	221016	296	NA	NA	NA
"273"	"ARPP19"	10776	295	"ARPP19"	"ENSG00000128989"	"15"
"274"	"FAM119B"	25895	294	"EEF1AKMT3"	"ENSG00000123427"	"12"
"275"	"SPATA5L1"	79029	294	"SPATA5L1"	"ENSG00000171763"	"15"
"276"	"XRCC6BP1"	91419	294	"ATP23"	"ENSG00000166896"	"12"
"277"	"GTPBP10"	85865	294	"GTPBP10"	"ENSG00000105793"	"7"
"278"	"IL20RB"	53833	293	"IL20RB"	"ENSG00000174564"	"3"
"279"	"ADCK1"	57143	293	"ADCK1"	"ENSG00000063761"	"14"
"280"	"NXPH1"	30010	292	"NXPH1"	"ENSG00000122584"	"7"
"281"	"TSFM"	10102	291	"TSFM"	"ENSG00000123297"	"12"
"282"	"GGT7"	2686	291	"GGT7"	"ENSG00000131067"	"20"
"283"	"LRRC19"	64922	290	"LRRC19"	"ENSG00000184434"	"9"
"284"	"SPINK5"	11005	290	"SPINK5"	"ENSG00000133710"	"5"
"285"	"COX4I2"	84701	290	"COX4I2"	"ENSG00000131055"	"20"
"286"	"ZMYND12"	84217	289	"ZMYND12"	"ENSG00000066185"	"1"
"287"	"ULK4"	54986	289	"ULK4"	"ENSG00000168038"	"3"
"288"	"P4HTM"	54681	288	"P4HTM"	"ENSG00000178467"	"3"
"289"	"FRG1B"	284802	288	NA	NA	NA
"290"	"CEP63"	80254	288	"CEP63"	"ENSG00000182923"	"3"
"291"	"C11orf46"	120534	288	"ARL14EP"	"ENSG00000152219"	"11"
"292"	"NEK11"	79858	286	"NEK11"	"ENSG00000114670"	"3"
"293"	"HAAO"	23498	285	"HAAO"	"ENSG00000162882"	"2"
"294"	"NCAPG"	64151	284	"NCAPG"	"ENSG00000109805"	"4"
"295"	"CCDC152"	100129792	284	"CCDC152"	"ENSG00000198865"	"5"
"296"	"LOC388152"	388152	284	NA	NA	NA
"297"	"UQCC"	55245	283	"UQCC1"	"ENSG00000101019"	"20"
"298"	"ZSCAN12"	9753	282	"ZSCAN12"	"ENSG00000158691"	"6"
"299"	"FAM162B"	221303	282	"FAM162B"	"ENSG00000183807"	"6"
"300"	"DGCR10"	26222	281	NA	NA	NA
"301"	"IBSP"	3381	279	"IBSP"	"ENSG00000029559"	"4"
"302"	"MRPL35"	51318	279	"MRPL35"	"ENSG00000132313"	"2"
"303"	"METT5D1"	196074	278	"METTL15"	"ENSG00000169519"	"11"
"304"	"MAEL"	84944	277	"MAEL"	"ENSG00000143194"	"1"
"305"	"PBLD"	64081	276	"PBLD"	"ENSG00000108187"	"10"
"306"	"FAM160A1"	729830	276	"FAM160A1"	"ENSG00000164142"	"4"
"307"	"TMEM180"	79847	275	"MFSD13A"	"ENSG00000138111"	"10"
"308"	"AKR1E2"	83592	275	"AKR1E2"	"ENSG00000165568"	"10"
"309"	"C2orf63"	130162	274	"CLHC1"	"ENSG00000162994"	"2"
"310"	"ZNF208"	7757	274	"ZNF208"	"ENSG00000160321"	"19"
"311"	"C9orf44"	158314	271	NA	NA	NA
"312"	"GRK4"	2868	271	"GRK4"	"ENSG00000125388"	"4"
"313"	"ZNF682"	91120	271	"ZNF682"	"ENSG00000197124"	"19"
"314"	"CHPT1"	56994	271	"CHPT1"	"ENSG00000111666"	"12"
"315"	"ALS2CR12"	130540	271	"FLACC1"	"ENSG00000155749"	"2"
"316"	"NCKIPSD"	51517	270	"NCKIPSD"	"ENSG00000213672"	"3"
"317"	"TIMD4"	91937	268	"TIMD4"	"ENSG00000145850"	"5"
"318"	"CENPC1"	1060	268	"CENPC"	"ENSG00000145241"	"4"
"319"	"ADH1C"	126	268	"ADH1C"	"ENSG00000248144"	"4"
"320"	"FBXO30"	84085	267	"FBXO30"	"ENSG00000118496"	"6"
"321"	"LEKR1"	389170	267	"LEKR1"	"ENSG00000197980"	"3"
"322"	"LOC338651"	338651	267	"KRTAP5-AS1"	"ENSG00000233930"	"11"
"323"	"FAM71F2"	346653	267	"FAM71F2"	"ENSG00000205085"	"7"
"324"	"TRIM4"	89122	264	"TRIM4"	"ENSG00000146833"	"7"
"325"	"SLC41A3"	54946	264	"SLC41A3"	"ENSG00000114544"	"3"
"326"	"TTC32"	130502	264	"TTC32"	"ENSG00000183891"	"2"
"327"	"LOC253724"	253724	264	NA	NA	NA
"328"	"KLRAQ1"	129285	264	"PPP1R21"	"ENSG00000162869"	"2"
"329"	"GCC2"	9648	263	"GCC2"	"ENSG00000135968"	"2"
"330"	"PI4KAP2"	375133	263	NA	NA	NA
"331"	"VCAM1"	7412	263	"VCAM1"	"ENSG00000162692"	"1"
"332"	"AKAP3"	10566	261	"AKAP3"	"ENSG00000111254"	"12"
"333"	"PROCR"	10544	261	"PROCR"	"ENSG00000101000"	"20"
"334"	"LOC100270746"	100270746	261	NA	NA	NA
"335"	"KRTCAP3"	200634	261	"KRTCAP3"	"ENSG00000157992"	"2"
"336"	"CPA5"	93979	261	"CPA5"	"ENSG00000158525"	"7"
"337"	"KATNAL2"	83473	260	"KATNAL2"	"ENSG00000167216"	"18"
"338"	"ATP6AP1L"	92270	260	"ATP6AP1L"	"ENSG00000205464"	"5"
"339"	"PPP6C"	5537	260	"PPP6C"	"ENSG00000119414"	"9"
"340"	"TDGF1"	6997	259	"TDGF1"	"ENSG00000241186"	"3"
"341"	"ZNF709"	163051	258	"ZNF709"	"ENSG00000242852"	"19"
"342"	"C2orf84"	653140	257	"FAM228A"	"ENSG00000186453"	"2"
"343"	"ZNF561"	93134	257	"ZNF561"	"ENSG00000171469"	"19"
"344"	"FAM154B"	283726	256	"SAXO2"	"ENSG00000188659"	"15"
"345"	"AKD1"	221264	256	"AK9"	"ENSG00000155085"	"6"
"346"	"ALOX5"	240	255	"ALOX5"	"ENSG00000012779"	"10"
"347"	"MRPL39"	54148	255	"MRPL39"	"ENSG00000154719"	"21"
"348"	"SFTA3"	253970	254	""	"ENSG00000257520"	"14"
"349"	"GABRA2"	2555	254	"GABRA2"	"ENSG00000151834"	"4"
"350"	"ALG1L"	200810	254	"ALG1L"	"ENSG00000189366"	"3"
"351"	"ERP27"	121506	254	"ERP27"	"ENSG00000139055"	"12"
"352"	"ZNF389"	651302	254	"ZNF192P1"	"ENSG00000226314"	"6"
"353"	"ST8SIA4"	7903	254	"ST8SIA4"	"ENSG00000113532"	"5"
"354"	"KIAA1586"	57691	253	"KIAA1586"	"ENSG00000168116"	"6"
"355"	"SPINK6"	404203	253	"SPINK6"	"ENSG00000178172"	"5"
"356"	"TCP11L1"	55346	253	"TCP11L1"	"ENSG00000176148"	"11"
"357"	"ZNF786"	136051	252	"ZNF786"	"ENSG00000197362"	"7"
"358"	"ALDH5A1"	7915	252	"ALDH5A1"	"ENSG00000112294"	"6"
"359"	"GPLD1"	2822	252	"GPLD1"	"ENSG00000112293"	"6"
"360"	"GALC"	2581	251	"GALC"	"ENSG00000054983"	"14"
"361"	"NKX2-1"	7080	251	"NKX2-1"	"ENSG00000136352"	"14"
"362"	"BAK1"	578	250	"BAK1"	"ENSG00000030110"	"6"
"363"	"HIST1H3E"	8353	250	"H3C6"	"ENSG00000274750"	"6"
"364"	"PGD"	5226	249	"PGD"	"ENSG00000142657"	"1"
"365"	"CNTLN"	54875	249	"CNTLN"	"ENSG00000044459"	"9"
"366"	"TTC18"	118491	249	"CFAP70"	"ENSG00000156042"	"10"
"367"	"MYBPC3"	4607	248	"MYBPC3"	"ENSG00000134571"	"11"
"368"	"C2orf54"	79919	248	"MAB21L4"	"ENSG00000172478"	"2"
"369"	"CCR5"	1234	248	"CCR5"	"ENSG00000160791"	"3"
"370"	"LOC387647"	387647	247	NA	NA	NA
"371"	"TDH"	157739	247	"TDH"	"ENSG00000154316"	"8"
"372"	"CD177"	57126	247	"CD177"	"ENSG00000204936"	"19"
"373"	"SLC22A10"	387775	246	"SLC22A10"	"ENSG00000184999"	"11"
"374"	"POLR1A"	25885	246	"POLR1A"	"ENSG00000068654"	"2"
"375"	"LOC441204"	441204	246	NA	NA	NA
"376"	"SULT1C2"	6819	246	"SULT1C2"	"ENSG00000198203"	"2"
"377"	"CCDC17"	149483	246	"CCDC17"	"ENSG00000159588"	"1"
"378"	"FLJ40852"	285962	245	"WEE2-AS1"	"ENSG00000228775"	"7"
"379"	"MS4A14"	84689	245	"MS4A14"	"ENSG00000166928"	"11"
"380"	"C3orf55"	152078	245	"SLC66A1L"	"ENSG00000174899"	"3"
"381"	"ERCC8"	1161	243	"ERCC8"	"ENSG00000049167"	"5"
"382"	"USP44"	84101	243	"USP44"	"ENSG00000136014"	"12"
"383"	"NOM1"	64434	243	"NOM1"	"ENSG00000146909"	"7"
"384"	"ZNF425"	155054	243	"ZNF425"	"ENSG00000204947"	"7"
"385"	"KLHL5"	51088	243	"KLHL5"	"ENSG00000109790"	"4"
"386"	"CST4"	1472	243	"CST4"	"ENSG00000101441"	"20"
"387"	"HMGCLL1"	54511	242	"HMGCLL1"	"ENSG00000146151"	"6"
"388"	"PNLDC1"	154197	241	"PNLDC1"	"ENSG00000146453"	"6"
"389"	"C9orf43"	257169	240	"C9orf43"	"ENSG00000157653"	"9"
"390"	"DGCR11"	25786	240	"DGCR11"	"ENSG00000273311"	"22"
"391"	"TRIM59"	286827	240	"TRIM59"	"ENSG00000213186"	"3"
"392"	"UNC50"	25972	240	"UNC50"	"ENSG00000115446"	"2"
"393"	"RUVBL1"	8607	239	"RUVBL1"	"ENSG00000175792"	"3"
"394"	"TMEM140"	55281	238	"TMEM140"	"ENSG00000146859"	"7"
"395"	"LOC100101266"	100101266	238	NA	NA	NA
"396"	"SLC38A11"	151258	238	"SLC38A11"	"ENSG00000169507"	"2"
"397"	"TULP3"	7289	237	"TULP3"	"ENSG00000078246"	"12"
"398"	"CD37"	951	237	"CD37"	"ENSG00000104894"	"19"
"399"	"CMAH"	8418	237	NA	NA	NA
"400"	"KHK"	3795	237	"KHK"	"ENSG00000138030"	"2"
"401"	"NRBF2"	29982	237	"NRBF2"	"ENSG00000148572"	"10"
"402"	"CAPS2"	84698	237	"CAPS2"	"ENSG00000180881"	"12"
"403"	"CWF19L1"	55280	236	"CWF19L1"	"ENSG00000095485"	"10"
"404"	"SYPL2"	284612	236	"SYPL2"	"ENSG00000143028"	"1"
"405"	"CELF4"	56853	235	"CELF4"	"ENSG00000101489"	"18"
"406"	"LHFPL5"	222662	235	"LHFPL5"	"ENSG00000197753"	"6"
"407"	"C10orf129"	142827	235	"ACSM6"	"ENSG00000173124"	"10"
"408"	"GEN1"	348654	235	"GEN1"	"ENSG00000178295"	"2"
"409"	"REEP1"	65055	235	"REEP1"	"ENSG00000068615"	"2"
"410"	"RFX8"	731220	234	"RFX8"	"ENSG00000196460"	"2"
"411"	"GPNMB"	10457	234	"GPNMB"	"ENSG00000136235"	"7"
"412"	"DNAH5"	1767	234	"DNAH5"	"ENSG00000039139"	"5"
"413"	"IL18R1"	8809	233	"IL18R1"	"ENSG00000115604"	"2"
"414"	"SEPP1"	6414	233	"SELENOP"	"ENSG00000250722"	"5"
"415"	"FAAH"	2166	232	"FAAH"	"ENSG00000117480"	"1"
"416"	"KRTAP5-2"	440021	232	"KRTAP5-2"	"ENSG00000205867"	"11"
"417"	"NEK10"	152110	231	"NEK10"	"ENSG00000163491"	"3"
"418"	"FLG"	2312	231	"FLG"	"ENSG00000143631"	"1"
"419"	"BAIAP2L1"	55971	229	"BAIAP2L1"	"ENSG00000006453"	"7"
"420"	"IL1RN"	3557	229	"IL1RN"	"ENSG00000136689"	"2"
"421"	"FAM26F"	441168	228	"CALHM6"	"ENSG00000188820"	"6"
"422"	"C2orf52"	151477	228	"LINC00471"	"ENSG00000181798"	"2"
"423"	"SULT1A1"	6817	228	"SULT1A1"	"ENSG00000196502"	"16"
"424"	"DSG1"	1828	228	"DSG1"	"ENSG00000134760"	"18"
"425"	"SEC22A"	26984	227	"SEC22A"	"ENSG00000121542"	"3"
"426"	"PMCH"	5367	227	"PMCH"	"ENSG00000183395"	"12"
"427"	"WDSUB1"	151525	227	"WDSUB1"	"ENSG00000196151"	"2"
"428"	"ZNF181"	339318	227	"ZNF181"	"ENSG00000197841"	"19"
"429"	"RPS23"	6228	226	"RPS23"	"ENSG00000186468"	"5"
"430"	"HEATR4"	399671	226	"HEATR4"	"ENSG00000187105"	"14"
"431"	"PYROXD1"	79912	225	"PYROXD1"	"ENSG00000121350"	"12"
"432"	"ESPNL"	339768	225	"ESPNL"	"ENSG00000144488"	"2"
"433"	"PLAC9"	219348	225	"PLAC9"	"ENSG00000189129"	"10"
"434"	"THNSL2"	55258	225	"THNSL2"	"ENSG00000144115"	"2"
"435"	"DHX36"	170506	224	"DHX36"	"ENSG00000174953"	"3"
"436"	"CASP7"	840	224	"CASP7"	"ENSG00000165806"	"10"
"437"	"TAS2R4"	50832	224	"TAS2R4"	"ENSG00000127364"	"7"
"438"	"DR1"	1810	223	"DR1"	"ENSG00000117505"	"1"
"439"	"TRIP4"	9325	223	"TRIP4"	"ENSG00000103671"	"15"
"440"	"PAWR"	5074	223	"PAWR"	"ENSG00000177425"	"12"
"441"	"ALMS1P"	200420	223	"ALMS1P1"	"ENSG00000163016"	"2"
"442"	"CDC26"	246184	223	"CDC26"	"ENSG00000176386"	"9"
"443"	"LOC100128164"	100128164	222	""	"ENSG00000239219"	"3"
"444"	"TMEM87B"	84910	222	"TMEM87B"	"ENSG00000153214"	"2"
"445"	"ZNF322A"	79692	222	"ZNF322"	"ENSG00000181315"	"6"
"446"	"ZNF559"	84527	222	"ZNF559"	"ENSG00000188321"	"19"
"447"	"DGCR9"	25787	222	NA	NA	NA
"448"	"TRIM63"	84676	222	"TRIM63"	"ENSG00000158022"	"1"
"449"	"KRT1"	3848	221	"KRT1"	"ENSG00000167768"	"12"
"450"	"ITGB3BP"	23421	221	"ITGB3BP"	"ENSG00000142856"	"1"
"451"	"ZFP14"	57677	221	"ZFP14"	"ENSG00000142065"	"19"
"452"	"WDYHV1"	55093	221	"NTAQ1"	"ENSG00000156795"	"8"
"453"	"CTSW"	1521	221	"CTSW"	"ENSG00000172543"	"11"
"454"	"MBL1P"	8512	221	"MBL1P"	"ENSG00000242600"	"10"
"455"	"CDC7"	8317	221	"CDC7"	"ENSG00000097046"	"1"
"456"	"ETAA1"	54465	220	"ETAA1"	"ENSG00000143971"	"2"
"457"	"PACRG"	135138	220	"PACRG"	"ENSG00000112530"	"6"
"458"	"CTSH"	1512	219	"CTSH"	"ENSG00000103811"	"15"
"459"	"TP53INP2"	58476	219	"TP53INP2"	"ENSG00000078804"	"20"
"460"	"TMEM194B"	100131211	219	"NEMP2"	"ENSG00000189362"	"2"
"461"	"LRRIQ3"	127255	218	"LRRIQ3"	"ENSG00000162620"	"1"
"462"	"C2orf28"	51374	218	"ATRAID"	"ENSG00000138085"	"2"
"463"	"C12orf47"	51275	218	"MAPKAPK5-AS1"	"ENSG00000234608"	"12"
"464"	"ZNF98"	148198	218	"ZNF98"	"ENSG00000197360"	"19"
"465"	"TAF1B"	9014	218	"TAF1B"	"ENSG00000115750"	"2"
"466"	"ATP6V1E2"	90423	216	"ATP6V1E2"	"ENSG00000250565"	"2"
"467"	"C16orf75"	116028	216	"RMI2"	"ENSG00000175643"	"16"
"468"	"LOC441208"	441208	216	NA	NA	NA
"469"	"C6orf127"	340204	216	"CLPSL1"	"ENSG00000204140"	"6"
"470"	"TAPBPL"	55080	215	"TAPBPL"	"ENSG00000139192"	"12"
"471"	"LOC151174"	151174	215	"LINC02610"	"ENSG00000186235"	"2"
"472"	"TIPIN"	54962	215	"TIPIN"	"ENSG00000075131"	"15"
"473"	"LOC654433"	654433	215	"PAX8-AS1"	"ENSG00000189223"	"2"
"474"	"HTR1F"	3355	215	"HTR1F"	"ENSG00000179097"	"3"
"475"	"C17orf57"	124989	215	"EFCAB13"	"ENSG00000178852"	"17"
"476"	"SBDSP1"	155370	214	NA	NA	NA
"477"	"MTHFS"	10588	214	"MTHFS"	"ENSG00000136371"	"15"
"478"	"NME6"	10201	213	"NME6"	"ENSG00000172113"	"3"
"479"	"EIF3CL"	728689	213	"EIF3CL"	"ENSG00000205609"	"16"
"480"	"KCTD10"	83892	212	"KCTD10"	"ENSG00000110906"	"12"
"481"	"TMEM163"	81615	212	"TMEM163"	"ENSG00000152128"	"2"
"482"	"CENPP"	401541	212	"CENPP"	"ENSG00000188312"	"9"
"483"	"MED19"	219541	211	"MED19"	"ENSG00000156603"	"11"
"484"	"SERPIND1"	3053	211	"SERPIND1"	"ENSG00000099937"	"22"
"485"	"WRB"	7485	211	"GET1"	"ENSG00000182093"	"21"
"486"	"LOC647946"	647946	211	"MIR924HG"	"ENSG00000267374"	"18"
"487"	"AP4E1"	23431	210	"AP4E1"	"ENSG00000081014"	"15"
"488"	"CLEC2D"	29121	210	"CLEC2D"	"ENSG00000069493"	"12"
"489"	"TMEM60"	85025	210	"TMEM60"	"ENSG00000135211"	"7"
"490"	"RAB33B"	83452	210	"RAB33B"	"ENSG00000172007"	"4"
"491"	"NDUFV3"	4731	209	"NDUFV3"	"ENSG00000160194"	"21"
"492"	"DEPDC7"	91614	209	"DEPDC7"	"ENSG00000121690"	"11"
"493"	"TRAF1"	7185	208	"TRAF1"	"ENSG00000056558"	"9"
"494"	"OR2A9P"	441295	208	NA	NA	NA
"495"	"WBSCR27"	155368	208	"METTL27"	"ENSG00000165171"	"7"
"496"	"SERINC2"	347735	208	"SERINC2"	"ENSG00000168528"	"1"
"497"	"KLRC2"	3822	207	"KLRC2"	"ENSG00000205809"	"12"
"498"	"MMACHC"	25974	207	"MMACHC"	"ENSG00000132763"	"1"
"499"	"EIF3C"	8663	207	"EIF3C"	"ENSG00000184110"	"16"
"500"	"DKKL1"	27120	206	"DKKL1"	"ENSG00000104901"	"19"
"501"	"CEBPZ"	10153	206	"CEBPZ"	"ENSG00000115816"	"2"
"502"	"PENK"	5179	206	"PENK"	"ENSG00000181195"	"8"
"503"	"ZNF184"	7738	206	"ZNF184"	"ENSG00000096654"	"6"
"504"	"CHST13"	166012	206	"CHST13"	"ENSG00000180767"	"3"
"505"	"CPS1"	1373	205	"CPS1"	"ENSG00000021826"	"2"
"506"	"FUT10"	84750	205	"FUT10"	"ENSG00000172728"	"8"
"507"	"POLR1B"	84172	205	"POLR1B"	"ENSG00000125630"	"2"
"508"	"CRIPT"	9419	205	"CRIPT"	"ENSG00000119878"	"2"
"509"	"KIAA0090"	23065	204	"EMC1"	"ENSG00000127463"	"1"
"510"	"DCTN5"	84516	204	"DCTN5"	"ENSG00000166847"	"16"
"511"	"RPAP2"	79871	204	"RPAP2"	"ENSG00000122484"	"1"
"512"	"CCDC155"	147872	203	"KASH5"	"ENSG00000161609"	"19"
"513"	"OR56A3"	390083	203	"OR56A3"	"ENSG00000184478"	"11"
"514"	"FABP3"	2170	203	"FABP3"	"ENSG00000121769"	"1"
"515"	"CLEC12A"	160364	203	"CLEC12A"	"ENSG00000172322"	"12"
"516"	"C18orf10"	25941	202	"TPGS2"	"ENSG00000134779"	"18"
"517"	"CCDC18"	343099	202	"CCDC18"	"ENSG00000122483"	"1"
"518"	"LOC650623"	650623	201	NA	NA	NA
"519"	"RPSA"	3921	201	"RPSA"	"ENSG00000168028"	"3"
"520"	"C15orf51"	196968	200	"DNM1P46"	"ENSG00000182397"	"15"
"521"	"SLMO1"	10650	200	"PRELID3A"	"ENSG00000141391"	"18"
"522"	"OR13A1"	79290	200	"OR13A1"	"ENSG00000256574"	"10"
"523"	"CAT"	847	200	"CAT"	"ENSG00000121691"	"11"
"524"	"PCBP3"	54039	199	"PCBP3"	"ENSG00000183570"	"21"
"525"	"OAS1"	4938	199	"OAS1"	"ENSG00000089127"	"12"
"526"	"ZP3"	7784	199	"ZP3"	"ENSG00000188372"	"7"
"527"	"STAC"	6769	199	"STAC"	"ENSG00000144681"	"3"
"528"	"C2orf27A"	29798	198	NA	NA	NA
"529"	"PCNX"	22990	198	"PCNX1"	"ENSG00000100731"	"14"
"530"	"LRRC69"	100130742	198	"LRRC69"	"ENSG00000214954"	"8"
"531"	"CCDC111"	201973	197	"PRIMPOL"	"ENSG00000164306"	"4"
"532"	"ZNF79"	7633	197	"ZNF79"	"ENSG00000196152"	"9"
"533"	"POLR1E"	64425	197	"POLR1E"	"ENSG00000137054"	"9"
"534"	"MED21"	9412	197	"MED21"	"ENSG00000152944"	"12"
"535"	"ANO7"	50636	197	"ANO7"	"ENSG00000146205"	"2"
"536"	"NRBP1"	29959	197	"NRBP1"	"ENSG00000115216"	"2"
"537"	"LDHC"	3948	197	"LDHC"	"ENSG00000166796"	"11"
"538"	"OR2A1"	346528	196	"OR2A1"	"ENSG00000221970"	"7"
"539"	"FAM149B1"	317662	196	"FAM149B1"	"ENSG00000138286"	"10"
"540"	"HSPA4"	3308	196	"HSPA4"	"ENSG00000170606"	"5"
"541"	"RRP12"	23223	196	"RRP12"	"ENSG00000052749"	"10"
"542"	"GATC"	283459	195	"GATC"	"ENSG00000257218"	"12"
"543"	"COQ5"	84274	194	"COQ5"	"ENSG00000110871"	"12"
"544"	"OPA1"	4976	194	"OPA1"	"ENSG00000198836"	"3"
"545"	"TACR2"	6865	194	"TACR2"	"ENSG00000075073"	"10"
"546"	"LCT"	3938	194	"LCT"	"ENSG00000115850"	"2"
"547"	"C2orf3"	6936	193	"GCFC2"	"ENSG00000005436"	"2"
"548"	"TPRKB"	51002	193	"TPRKB"	"ENSG00000144034"	"2"
"549"	"C2orf82"	389084	192	"SNORC"	"ENSG00000182600"	"2"
"550"	"MDGA1"	266727	192	"MDGA1"	"ENSG00000112139"	"6"
"551"	"PET112L"	5188	192	"GATB"	"ENSG00000059691"	"4"
"552"	"GPR113"	165082	192	"ADGRF3"	"ENSG00000173567"	"2"
"553"	"LOC284900"	284900	192	"TTC28-AS1"	"ENSG00000235954"	"22"
"554"	"C9orf5"	23731	191	"TMEM245"	"ENSG00000106771"	"9"
"555"	"CCDC90B"	60492	191	"CCDC90B"	"ENSG00000137500"	"11"
"556"	"KLRC1"	3821	190	"KLRC1"	"ENSG00000134545"	"12"
"557"	"LOC284551"	284551	190	NA	NA	NA
"558"	"KLRG1"	10219	190	"KLRG1"	"ENSG00000139187"	"12"
"559"	"SUCLA2"	8803	190	"SUCLA2"	"ENSG00000136143"	"13"
"560"	"SIGLEC11"	114132	190	"SIGLEC11"	"ENSG00000161640"	"19"
"561"	"PLOD2"	5352	189	"PLOD2"	"ENSG00000152952"	"3"
"562"	"CRISP3"	10321	189	"CRISP3"	"ENSG00000096006"	"6"
"563"	"MRPL42P5"	359821	189	NA	NA	NA
"564"	"C2orf73"	129852	189	"C2orf73"	"ENSG00000177994"	"2"
"565"	"GFM1"	85476	189	"GFM1"	"ENSG00000168827"	"3"
"566"	"C1orf84"	149469	189	NA	NA	NA
"567"	"FAM82A1"	151393	189	"RMDN2"	"ENSG00000115841"	"2"
"568"	"PRIM2"	5558	188	"PRIM2"	"ENSG00000146143"	"6"
"569"	"NUP210L"	91181	188	"NUP210L"	"ENSG00000143552"	"1"
"570"	"ARHGEF19"	128272	188	"ARHGEF19"	"ENSG00000142632"	"1"
"571"	"NDUFS2"	4720	188	"NDUFS2"	"ENSG00000158864"	"1"
"572"	"CDC25A"	993	187	"CDC25A"	"ENSG00000164045"	"3"
"573"	"C10orf4"	118924	187	"FRA10AC1"	"ENSG00000148690"	"10"
"574"	"IPO8"	10526	187	"IPO8"	"ENSG00000133704"	"12"
"575"	"GOLT1B"	51026	187	"GOLT1B"	"ENSG00000111711"	"12"
"576"	"HARS2"	23438	187	"HARS2"	"ENSG00000112855"	"5"
"577"	"PDPK1"	5170	187	"PDPK1"	"ENSG00000140992"	"16"
"578"	"SLC9A8"	23315	186	"SLC9A8"	"ENSG00000197818"	"20"
"579"	"PEX6"	5190	186	"PEX6"	"ENSG00000124587"	"6"
"580"	"RINT1"	60561	186	"RINT1"	"ENSG00000135249"	"7"
"581"	"VWA2"	340706	186	"VWA2"	"ENSG00000165816"	"10"
"582"	"MRPL21"	219927	186	"MRPL21"	"ENSG00000197345"	"11"
"583"	"ACTN3"	89	185	"ACTN3"	"ENSG00000248746"	"11"
"584"	"C12orf32"	83695	185	"RHNO1"	"ENSG00000171792"	"12"
"585"	"SIGLEC16"	400709	185	"SIGLEC16"	"ENSG00000161643"	"19"
"586"	"TMEM156"	80008	184	"TMEM156"	"ENSG00000121895"	"4"
"587"	"TG"	7038	184	"TG"	"ENSG00000042832"	"8"
"588"	"NIPAL4"	348938	184	"NIPAL4"	"ENSG00000172548"	"5"
"589"	"SLC4A7"	9497	184	"SLC4A7"	"ENSG00000033867"	"3"
"590"	"SCGN"	10590	183	"SCGN"	"ENSG00000079689"	"6"
"591"	"SH3BGR"	6450	183	"SH3BGR"	"ENSG00000185437"	"21"
"592"	"RNASET2"	8635	183	"RNASET2"	"ENSG00000026297"	"6"
"593"	"PAX8"	7849	183	"PAX8"	"ENSG00000125618"	"2"
"594"	"SLC5A11"	115584	183	"SLC5A11"	"ENSG00000158865"	"16"
"595"	"C3orf15"	89876	183	"CFAP91"	"ENSG00000183833"	"3"
"596"	"NDUFA10"	4705	183	"NDUFA10"	"ENSG00000130414"	"2"
"597"	"SNX16"	64089	183	"SNX16"	"ENSG00000104497"	"8"
"598"	"PNPT1"	87178	183	"PNPT1"	"ENSG00000138035"	"2"
"599"	"TMEM115"	11070	183	"TMEM115"	"ENSG00000126062"	"3"
